Workbook

Sheet Parámetros
A2: Impacto | B2: Valor | D2: Probabilidad | E2: Valor | G2: Nivel de riesgo | H2: Puntos mínimos
A3: Crítico | B3: 4 | D3: Muy alta | E3: 4 | G3: Bajo | H3: 1
A4: Alto | B4: 3 | D4: Alta | E4: 3 | G4: Medio | H4: 3
A5: Medio | B5: 2 | D5: Media | E5: 2 | G5: Alto | H5: 6
A6: Bajo | B6: 1 | D6: Baja | E6: 1 | G6: Crítico | H6: 9
A10: Mapa de calor
A11: Impacto \ Prob | B11: Baja | C11: Media | D11: Alta | E11: Muy Alta | F11: Total
A12: Crítico | B12: =COUNTIFS(Riesgos!$F$2:$F$26,$A12,Riesgos!$G$2:$G$26,B$11) -> 2 | C12: =COUNTIFS(Riesgos!$F$2:$F$26,$A12,Riesgos!$G$2:$G$26,C$11) -> 5 | D12: =COUNTIFS(Riesgos!$F$2:$F$26,$A12,Riesgos!$G$2:$G$26,D$11) -> 2 | E12: =COUNTIFS(Riesgos!$F$2:$F$26,$A12,Riesgos!$G$2:$G$26,E$11) -> 1 | F12: =SUM(B12:E12) -> 10
A13: Alto | B13: =COUNTIFS(Riesgos!$F$2:$F$26,$A13,Riesgos!$G$2:$G$26,B$11) -> 1 | C13: =COUNTIFS(Riesgos!$F$2:$F$26,$A13,Riesgos!$G$2:$G$26,C$11) -> 4 | D13: =COUNTIFS(Riesgos!$F$2:$F$26,$A13,Riesgos!$G$2:$G$26,D$11) -> 2 | E13: =COUNTIFS(Riesgos!$F$2:$F$26,$A13,Riesgos!$G$2:$G$26,E$11) -> 0 | F13: =SUM(B13:E13) -> 7
A14: Medio | B14: =COUNTIFS(Riesgos!$F$2:$F$26,$A14,Riesgos!$G$2:$G$26,B$11) -> 1 | C14: =COUNTIFS(Riesgos!$F$2:$F$26,$A14,Riesgos!$G$2:$G$26,C$11) -> 3 | D14: =COUNTIFS(Riesgos!$F$2:$F$26,$A14,Riesgos!$G$2:$G$26,D$11) -> 1 | E14: =COUNTIFS(Riesgos!$F$2:$F$26,$A14,Riesgos!$G$2:$G$26,E$11) -> 0 | F14: =SUM(B14:E14) -> 5
A15: Bajo | B15: =COUNTIFS(Riesgos!$F$2:$F$26,$A15,Riesgos!$G$2:$G$26,B$11) -> 1 | C15: =COUNTIFS(Riesgos!$F$2:$F$26,$A15,Riesgos!$G$2:$G$26,C$11) -> 1 | D15: =COUNTIFS(Riesgos!$F$2:$F$26,$A15,Riesgos!$G$2:$G$26,D$11) -> 1 | E15: =COUNTIFS(Riesgos!$F$2:$F$26,$A15,Riesgos!$G$2:$G$26,E$11) -> 0 | F15: =SUM(B15:E15) -> 3
A16: Total | B16: =SUM(B12:B15) -> 5 | C16: =SUM(C12:C15) -> 13 | D16: =SUM(D12:D15) -> 6 | E16: =SUM(E12:E15) -> 1 | F16: =SUM(B12:E15) -> 25
A19: Nivel | B19: Cantidad
A20: Crítico | B20: =COUNTIF(Riesgos!$I$2:$I$26,A20) -> 5
A21: Alto | B21: =COUNTIF(Riesgos!$I$2:$I$26,A21) -> 10
A22: Medio | B22: =COUNTIF(Riesgos!$I$2:$I$26,A22) -> 7
A23: Bajo | B23: =COUNTIF(Riesgos!$I$2:$I$26,A23) -> 3
A24: Total | B24: =SUM(B20:B23) -> 25

Sheet Riesgos
A1: Rank | B1: IS | C1: Driagrama/Elemento | D1: STRIDE | E1: Amenaza | F1: Impacto | G1: Probabilidad | H1: Puntos | I1: Nivel | J1: Responsable | K1: Acción correctiva | L1: Fecha objetivo | M1: Estado
A2: 1 | B2: T-01 | C2: N1 / P3 | D2: Spoofing | E2: Toma de cuenta por credential stuffing, phishing en tiempo real o MFA débil | F2: Crítico | G2: Muy Alta | H2: =VLOOKUP(F2,[1]Parámetros!$A$3:$B$6,2,FALSE())*VLOOKUP(G2,[1]Parámetros!$D$3:$E$6,2,FALSE()) -> 16 | I2: =IF(H2>=Parámetros!$H$6,"Crítico",IF(H2>=Parámetros!$H$5,"Alto",IF(H2>=Parámetros!$H$4,"Medio","Bajo"))) -> Crítico | J2: CISO / Líder de Identidad | K2: MFA resistente a phishing, rate limiting adaptativo y verificación de credenciales filtradas | L2: 46394 | M2: Abierto
A3: 2 | B3: T-02 | C3: N1 / F2 | D3: Tampering | E3: Manipulación de monto o destino en tránsito | F3: Crítico | G3: Alta | H3: =VLOOKUP(F3,[1]Parámetros!$A$3:$B$6,2,FALSE())*VLOOKUP(G3,[1]Parámetros!$D$3:$E$6,2,FALSE()) -> 12 | I3: =IF(H3>=Parámetros!$H$6,"Crítico",IF(H3>=Parámetros!$H$5,"Alto",IF(H3>=Parámetros!$H$4,"Medio","Bajo"))) -> Crítico | J3: Líder de Arquitectura / Móvil | K3: TLS 1.3 y validaciones server-side (hito 1: 07/01/2027); pinning y firma de transacción (hito 2) | L3: 46484 | M3: Abierto
A4: 3 | B4: T-03 | C4: N2 / P4.2 | D4: Tampering | E4: BOLA/IDOR: operar sobre cuentas ajenas | F4: Crítico | G4: Alta | H4: =VLOOKUP(F4,[1]Parámetros!$A$3:$B$6,2,FALSE())*VLOOKUP(G4,[1]Parámetros!$D$3:$E$6,2,FALSE()) -> 12 | I4: =IF(H4>=Parámetros!$H$6,"Crítico",IF(H4>=Parámetros!$H$5,"Alto",IF(H4>=Parámetros!$H$4,"Medio","Bajo"))) -> Crítico | J4: Líder de Desarrollo | K4: Autorización por objeto, identificadores UUID y pruebas en CI | L4: 46394 | M4: Abierto
A5: 4 | B5: T-04 | C5: N2 / P4.2 | D5: Elevation of Privilege | E5: Evasión de step-up y límites (BFLA, endpoints legacy) | F5: Alto | G5: Alta | H5: =VLOOKUP(F5,[1]Parámetros!$A$3:$B$6,2,FALSE())*VLOOKUP(G5,[1]Parámetros!$D$3:$E$6,2,FALSE()) -> 9 | I5: =IF(H5>=Parámetros!$H$6,"Crítico",IF(H5>=Parámetros!$H$5,"Alto",IF(H5>=Parámetros!$H$4,"Medio","Bajo"))) -> Crítico | J5: Desarrollo + Arquitectura | K5: Autorización centralizada, retiro de API v1, step-up obligatorio | L5: 46394 | M5: Abierto
A6: 5 | B6: T-08 | C6: N0 / E4 | D6: Spoofing | E6: Intercepción de OTP por SIM swap o malware | F6: Alto | G6: Alta | H6: =VLOOKUP(F6,[1]Parámetros!$A$3:$B$6,2,FALSE())*VLOOKUP(G6,[1]Parámetros!$D$3:$E$6,2,FALSE()) -> 9 | I6: =IF(H6>=Parámetros!$H$6,"Crítico",IF(H6>=Parámetros!$H$5,"Alto",IF(H6>=Parámetros!$H$4,"Medio","Bajo"))) -> Crítico | J6: Seguridad + Canales | K6: Migrar OTP por SMS a push/TOTP/FIDO2 | L6: 46484 | M6: Abierto
A7: 6 | B7: T-05 | C7: N1 / D2 | D7: Information Disclosure | E7: Inyección SQL y exfiltración masiva | F7: Crítico | G7: Media | H7: =VLOOKUP(F7,[1]Parámetros!$A$3:$B$6,2,FALSE())*VLOOKUP(G7,[1]Parámetros!$D$3:$E$6,2,FALSE()) -> 8 | I7: =IF(H7>=Parámetros!$H$6,"Crítico",IF(H7>=Parámetros!$H$5,"Alto",IF(H7>=Parámetros!$H$4,"Medio","Bajo"))) -> Alto | J7: Desarrollo / DBA | K7: Parametrización, mínimo privilegio en BD y monitoreo de actividad | L7: 46484 | M7: Abierto
A8: 7 | B8: T-06 | C8: N1 / P8 | D8: Elevation of Privilege | E8: Abuso de privilegios por insider sin doble aprobación | F8: Crítico | G8: Media | H8: =VLOOKUP(F8,[1]Parámetros!$A$3:$B$6,2,FALSE())*VLOOKUP(G8,[1]Parámetros!$D$3:$E$6,2,FALSE()) -> 8 | I8: =IF(H8>=Parámetros!$H$6,"Crítico",IF(H8>=Parámetros!$H$5,"Alto",IF(H8>=Parámetros!$H$4,"Medio","Bajo"))) -> Alto | J8: Seguridad / TI | K8: PAM y doble aprobación en backoffice | L8: 46484 | M8: Abierto
A9: 8 | B9: T-07 | C9: N2 / Q1 | D9: Tampering | E9: Manipulación o repetición (replay) de mensajes en la cola | F9: Crítico | G9: Media | H9: =VLOOKUP(F9,[1]Parámetros!$A$3:$B$6,2,FALSE())*VLOOKUP(G9,[1]Parámetros!$D$3:$E$6,2,FALSE()) -> 8 | I9: =IF(H9>=Parámetros!$H$6,"Crítico",IF(H9>=Parámetros!$H$5,"Alto",IF(H9>=Parámetros!$H$4,"Medio","Bajo"))) -> Alto | J9: Arquitectura / Middleware | K9: mTLS, firma de mensajes e idempotencia | L9: 46484 | M9: Abierto
A10: 9 | B10: T-12 | C10: N0 / E5 | D10: Information Disclosure | E10: Brecha en proveedor KYC que expone documentos de identidad | F10: Crítico | G10: Media | H10: =VLOOKUP(F10,[1]Parámetros!$A$3:$B$6,2,FALSE())*VLOOKUP(G10,[1]Parámetros!$D$3:$E$6,2,FALSE()) -> 8 | I10: =IF(H10>=Parámetros!$H$6,"Crítico",IF(H10>=Parámetros!$H$5,"Alto",IF(H10>=Parámetros!$H$4,"Medio","Bajo"))) -> Alto | J10: Gestión de Terceros | K10: Evaluación del proveedor, minimización y tokenización | L10: 46667 | M10: Abierto
A11: 10 | B11: T-14 | C11: N1 / D5 | D11: Information Disclosure | E11: Secretos expuestos en repositorios, variables o imágenes | F11: Crítico | G11: Media | H11: =VLOOKUP(F11,[1]Parámetros!$A$3:$B$6,2,FALSE())*VLOOKUP(G11,[1]Parámetros!$D$3:$E$6,2,FALSE()) -> 8 | I11: =IF(H11>=Parámetros!$H$6,"Crítico",IF(H11>=Parámetros!$H$5,"Alto",IF(H11>=Parámetros!$H$4,"Medio","Bajo"))) -> Alto | J11: DevSecOps | K11: Bóveda de secretos y escaneo pre-commit | L11: 46394 | M11: Abierto
A12: 11 | B12: T-09 | C12: N1 / P9 | D12: Repudiation | E12: Logs sin integridad: negación de operaciones | F12: Alto | G12: Media | H12: =VLOOKUP(F12,[1]Parámetros!$A$3:$B$6,2,FALSE())*VLOOKUP(G12,[1]Parámetros!$D$3:$E$6,2,FALSE()) -> 6 | I12: =IF(H12>=Parámetros!$H$6,"Crítico",IF(H12>=Parámetros!$H$5,"Alto",IF(H12>=Parámetros!$H$4,"Medio","Bajo"))) -> Alto | J12: Seguridad / SOC | K12: Logs inmutables con ID de correlación y NTP | L12: 46484 | M12: Abierto
A13: 12 | B13: T-10 | C13: N1 / P2 | D13: Denial of Service | E13: DDoS o scraping por ausencia de rate limiting | F13: Alto | G13: Media | H13: =VLOOKUP(F13,[1]Parámetros!$A$3:$B$6,2,FALSE())*VLOOKUP(G13,[1]Parámetros!$D$3:$E$6,2,FALSE()) -> 6 | I13: =IF(H13>=Parámetros!$H$6,"Crítico",IF(H13>=Parámetros!$H$5,"Alto",IF(H13>=Parámetros!$H$4,"Medio","Bajo"))) -> Alto | J13: Infraestructura / Redes | K13: Anti-DDoS, rate limiting y autoscaling | L13: 46394 | M13: Abierto
... A26: 25 | B26: T-25 | C26: N0 / E4 | D26: Denial of Service | E26: Saturación del proveedor SMS: OTP no entregados | F26: Bajo | G26: Baja | H26: =VLOOKUP(F26,[1]Parámetros!$A$3:$B$6,2,FALSE())*VLOOKUP(G26,[1]Parámetros!$D$3:$E$6,2,FALSE()) -> 1 | I26: =IF(H26>=Parámetros!$H$6,"Crítico",IF(H26>=Parámetros!$H$5,"Alto",IF(H26>=Parámetros!$H$4,"Medio","Bajo"))) -> Bajo | J26: Gestión de Terceros | K26: SLA y proveedor alterno de SMS | L26: 46667 | M26: Abierto

Sheet Top10
A1: Rank | B1: ID | C1: Diagrama/Elemento | D1: STRIDE | E1: Amenaza | F1: Impacto | G1: Probabilidad | H1: Puntos | I1: Nivel | J1: Responsable | K1: Acción Correctiva | L1: Fecha Objetivo | M1: Estado
A2: 1 | B2: T-01 | C2: N1 / P3 | D2: Spoofing | E2: Toma de cuenta por credential stuffing, phishing en tiempo real o MFA débil | F2: Crítico | G2: Muy Alta | H2: =VLOOKUP(F2,[1]Parámetros!$A$3:$B$6,2,FALSE())*VLOOKUP(G2,[1]Parámetros!$D$3:$E$6,2,FALSE()) -> 16 | I2: =IF(H2>=Parámetros!$H$6,"Crítico",IF(H2>=Parámetros!$H$5,"Alto",IF(H2>=Parámetros!$H$4,"Medio","Bajo"))) -> Crítico | J2: CISO / Líder de Identidad | K2: MFA resistente a phishing, rate limiting adaptativo y verificación de credenciales filtradas | L2: 46394 | M2: Abierto
A3: 2 | B3: T-02 | C3: N1 / F2 | D3: Tampering | E3: Manipulación de monto o destino en tránsito | F3: Crítico | G3: Alta | H3: =VLOOKUP(F3,[1]Parámetros!$A$3:$B$6,2,FALSE())*VLOOKUP(G3,[1]Parámetros!$D$3:$E$6,2,FALSE()) -> 12 | I3: =IF(H3>=Parámetros!$H$6,"Crítico",IF(H3>=Parámetros!$H$5,"Alto",IF(H3>=Parámetros!$H$4,"Medio","Bajo"))) -> Crítico | J3: Líder de Arquitectura / Móvil | K3: TLS 1.3 y validaciones server-side (hito 1: 07/01/2027); pinning y firma de transacción (hito 2) | L3: 46484 | M3: Abierto
A4: 3 | B4: T-03 | C4: N2 / P4.2 | D4: Tampering | E4: BOLA/IDOR: operar sobre cuentas ajenas | F4: Crítico | G4: Alta | H4: =VLOOKUP(F4,[1]Parámetros!$A$3:$B$6,2,FALSE())*VLOOKUP(G4,[1]Parámetros!$D$3:$E$6,2,FALSE()) -> 12 | I4: =IF(H4>=Parámetros!$H$6,"Crítico",IF(H4>=Parámetros!$H$5,"Alto",IF(H4>=Parámetros!$H$4,"Medio","Bajo"))) -> Crítico | J4: Líder de Desarrollo | K4: Autorización por objeto, identificadores UUID y pruebas en CI | L4: 46394 | M4: Abierto
A5: 4 | B5: T-04 | C5: N2 / P4.2 | D5: Elevation of Privilege | E5: Evasión de step-up y límites (BFLA, endpoints legacy) | F5: Alto | G5: Alta | H5: =VLOOKUP(F5,[1]Parámetros!$A$3:$B$6,2,FALSE())*VLOOKUP(G5,[1]Parámetros!$D$3:$E$6,2,FALSE()) -> 9 | I5: =IF(H5>=Parámetros!$H$6,"Crítico",IF(H5>=Parámetros!$H$5,"Alto",IF(H5>=Parámetros!$H$4,"Medio","Bajo"))) -> Crítico | J5: Desarrollo + Arquitectura | K5: Autorización centralizada, retiro de API v1, step-up obligatorio | L5: 46394 | M5: Abierto
A6: 5 | B6: T-08 | C6: N0 / E4 | D6: Spoofing | E6: Intercepción de OTP por SIM swap o malware | F6: Alto | G6: Alta | H6: =VLOOKUP(F6,[1]Parámetros!$A$3:$B$6,2,FALSE())*VLOOKUP(G6,[1]Parámetros!$D$3:$E$6,2,FALSE()) -> 9 | I6: =IF(H6>=Parámetros!$H$6,"Crítico",IF(H6>=Parámetros!$H$5,"Alto",IF(H6>=Parámetros!$H$4,"Medio","Bajo"))) -> Crítico | J6: Seguridad + Canales | K6: Migrar OTP por SMS a push/TOTP/FIDO2 | L6: 46484 | M6: Abierto
A7: 6 | B7: T-05 | C7: N1 / D2 | D7: Information Disclosure | E7: Inyección SQL y exfiltración masiva | F7: Crítico | G7: Media | H7: =VLOOKUP(F7,[1]Parámetros!$A$3:$B$6,2,FALSE())*VLOOKUP(G7,[1]Parámetros!$D$3:$E$6,2,FALSE()) -> 8 | I7: =IF(H7>=Parámetros!$H$6,"Crítico",IF(H7>=Parámetros!$H$5,"Alto",IF(H7>=Parámetros!$H$4,"Medio","Bajo"))) -> Alto | J7: Desarrollo / DBA | K7: Parametrización, mínimo privilegio en BD y monitoreo de actividad | L7: 46484 | M7: Abierto
A8: 7 | B8: T-06 | C8: N1 / P8 | D8: Elevation of Privilege | E8: Abuso de privilegios por insider sin doble aprobación | F8: Crítico | G8: Media | H8: =VLOOKUP(F8,[1]Parámetros!$A$3:$B$6,2,FALSE())*VLOOKUP(G8,[1]Parámetros!$D$3:$E$6,2,FALSE()) -> 8 | I8: =IF(H8>=Parámetros!$H$6,"Crítico",IF(H8>=Parámetros!$H$5,"Alto",IF(H8>=Parámetros!$H$4,"Medio","Bajo"))) -> Alto | J8: Seguridad / TI | K8: PAM y doble aprobación en backoffice | L8: 46484 | M8: Abierto
A9: 8 | B9: T-07 | C9: N2 / Q1 | D9: Tampering | E9: Manipulación o repetición (replay) de mensajes en la cola | F9: Crítico | G9: Media | H9: =VLOOKUP(F9,[1]Parámetros!$A$3:$B$6,2,FALSE())*VLOOKUP(G9,[1]Parámetros!$D$3:$E$6,2,FALSE()) -> 8 | I9: =IF(H9>=Parámetros!$H$6,"Crítico",IF(H9>=Parámetros!$H$5,"Alto",IF(H9>=Parámetros!$H$4,"Medio","Bajo"))) -> Alto | J9: Arquitectura / Middleware | K9: mTLS, firma de mensajes e idempotencia | L9: 46484 | M9: Abierto
A10: 9 | B10: T-12 | C10: N0 / E5 | D10: Information Disclosure | E10: Brecha en proveedor KYC que expone documentos de identidad | F10: Crítico | G10: Media | H10: =VLOOKUP(F10,[1]Parámetros!$A$3:$B$6,2,FALSE())*VLOOKUP(G10,[1]Parámetros!$D$3:$E$6,2,FALSE()) -> 8 | I10: =IF(H10>=Parámetros!$H$6,"Crítico",IF(H10>=Parámetros!$H$5,"Alto",IF(H10>=Parámetros!$H$4,"Medio","Bajo"))) -> Alto | J10: Gestión de Terceros | K10: Evaluación del proveedor, minimización y tokenización | L10: 46667 | M10: Abierto
A11: 10 | B11: T-14 | C11: N1 / D5 | D11: Information Disclosure | E11: Secretos expuestos en repositorios, variables o imágenes | F11: Crítico | G11: Media | H11: =VLOOKUP(F11,[1]Parámetros!$A$3:$B$6,2,FALSE())*VLOOKUP(G11,[1]Parámetros!$D$3:$E$6,2,FALSE()) -> 8 | I11: =IF(H11>=Parámetros!$H$6,"Crítico",IF(H11>=Parámetros!$H$5,"Alto",IF(H11>=Parámetros!$H$4,"Medio","Bajo"))) -> Alto | J11: DevSecOps | K11: Bóveda de secretos y escaneo pre-commit | L11: 46394 | M11: Abierto
